<?xml version="1.0" encoding="utf-8"?><!DOCTYPE nta PUBLIC '-//Uppaal Team//DTD Flat System 1.1//EN' 'http://www.it.uu.se/research/group/darts/uppaal/flat-1_1.dtd'><nta><declaration>// Place global declarations here.
chan Ped_Phase_Green, Ped_Crossed, Car_Phase_Green, Car_Crossed;</declaration><template><name x="5" y="5">Contr</name><declaration>// Place local declarations here.
clock x;
clock a;</declaration><location id="id0" x="232" y="-208"><name x="256" y="-224">CRed_PRed</name><label kind="invariant" x="222" y="-193">x&lt;=1</label></location><location id="id1" x="232" y="-320"><name x="192" y="-376">CRed_PGreen</name><label kind="invariant" x="208" y="-360">x&lt;=1</label></location><location id="id2" x="-118" y="-322"><name x="-160" y="-376">CYellow_PRed</name></location><location id="id3" x="-304" y="-320"><name x="-352" y="-352">CGreen_PRed</name></location><init ref="id3"/><transition><source ref="id2"/><target ref="id3"/><label kind="guard" x="-240" y="-272">a==1</label><label kind="synchronisation" x="-280" y="-216">Car_Phase_Green!</label><label kind="assignment" x="-232" y="-256">x=0</label><nail x="-224" y="-224"/></transition><transition><source ref="id0"/><target ref="id2"/><label kind="guard" x="32" y="-232">x==1</label><label kind="assignment" x="32" y="-200">a=0</label><nail x="-120" y="-208"/></transition><transition><source ref="id3"/><target ref="id3"/><label kind="synchronisation" x="-472" y="-352">Car_Crossed?</label><nail x="-368" y="-288"/><nail x="-400" y="-328"/></transition><transition><source ref="id1"/><target ref="id1"/><label kind="synchronisation" x="336" y="-336">Ped_Crossed?</label><nail x="312" y="-304"/><nail x="312" y="-344"/></transition><transition><source ref="id1"/><target ref="id0"/><label kind="guard" x="192" y="-272">x==1</label></transition><transition><source ref="id2"/><target ref="id1"/><label kind="guard" x="-8" y="-360">x==3 and
a&gt;3</label><label kind="synchronisation" x="16" y="-392">Ped_Phase_Green!</label><label kind="assignment" x="24" y="-320">x=0</label></transition><transition><source ref="id3"/><target ref="id2"/><label kind="guard" x="-208" y="-360">x&gt;=8</label><label kind="assignment" x="-200" y="-344">x=0</label></transition></template><template><name>Ped</name><declaration>clock y;</declaration><location id="id4" x="80" y="-56"><name x="104" y="-72">Ped_Walking</name><label kind="invariant" x="64" y="-88">y&lt;=2</label></location><location id="id5" x="-144" y="-56"><name x="-216" y="-64">Ped_Idle</name></location><init ref="id5"/><transition><source ref="id4"/><target ref="id5"/><label kind="guard" x="-48" y="24">y&gt;=1</label><label kind="synchronisation" x="-64" y="40">Ped_Crossed!</label><nail x="-32" y="24"/></transition><transition><source ref="id5"/><target ref="id4"/><label kind="synchronisation" x="-96" y="-80">Ped_Phase_Green?</label><label kind="assignment" x="-56" y="-56">y=0</label></transition></template><template><name>Car</name><declaration>clock z;</declaration><location id="id6" x="-32" y="16"><name x="-42" y="-14">BrummBrumm</name><label kind="invariant" x="-42" y="31">z&lt;=1</label></location><location id="id7" x="-32" y="16"></location><location id="id8" x="-200" y="16"><name x="-272" y="8">Car_Idle</name></location><init ref="id8"/><transition><source ref="id6"/><target ref="id8"/><label kind="guard" x="-128" y="40">z==1</label><label kind="synchronisation" x="-160" y="72">Car_Crossed!</label><nail x="-112" y="72"/></transition><transition><source ref="id8"/><target ref="id6"/><label kind="synchronisation" x="-176" y="-48">Car_Phase_Green?</label><label kind="assignment" x="-136" y="-16">z=0</label><nail x="-120" y="-24"/></transition></template><system>system Contr, Ped, Car;</system></nta>